{
  "lang":"en",
  "name":"pipeline",
  "version":"0.0.0",
  "spacy_version":">=3.7.2,<3.8.0",
  "description":"",
  "author":"",
  "email":"",
  "url":"",
  "license":"",
  "spacy_git_version":"a89eae928",
  "vectors":{
    "width":0,
    "vectors":0,
    "keys":0,
    "name":null,
    "mode":"default"
  },
  "labels":{
    "tok2vec":[

    ],
    "ner":[
      "Address",
      "Can Relocate to",
      "Certifications",
      "College",
      "College Name",
      "Companies worked at",
      "Degree",
      "Designation",
      "Email Address",
      "Graduation Year",
      "Links",
      "Location",
      "Name",
      "Relocate to",
      "Rewards and Achievements",
      "Skills",
      "UNKNOWN",
      "University",
      "Years of Experience",
      "abc",
      "des",
      "links",
      "projects",
      "state",
      "training"
    ]
  },
  "pipeline":[
    "tok2vec",
    "ner"
  ],
  "components":[
    "tok2vec",
    "ner"
  ],
  "disabled":[

  ],
  "performance":{
    "ents_f":0.6890405764,
    "ents_p":0.7145104208,
    "ents_r":0.6653240571,
    "ents_per_type":{
      "Name":{
        "p":0.9716312057,
        "r":0.9383561644,
        "f":0.9547038328
      },
      "Companies worked at":{
        "p":0.7830578512,
        "r":0.6903460838,
        "f":0.733785092
      },
      "Location":{
        "p":0.6798941799,
        "r":0.7581120944,
        "f":0.7168758717
      },
      "Email Address":{
        "p":0.918699187,
        "r":0.8560606061,
        "f":0.8862745098
      },
      "Designation":{
        "p":0.7383966245,
        "r":0.6972111554,
        "f":0.7172131148
      },
      "Skills":{
        "p":0.6135693215,
        "r":0.5416666667,
        "f":0.5753803596
      },
      "College Name":{
        "p":0.6494845361,
        "r":0.8513513514,
        "f":0.7368421053
      },
      "Graduation Year":{
        "p":0.5555555556,
        "r":0.5,
        "f":0.5263157895
      },
      "Degree":{
        "p":0.8947368421,
        "r":0.7611940299,
        "f":0.8225806452
      },
      "Years of Experience":{
        "p":0.3709677419,
        "r":0.2072072072,
        "f":0.2658959538
      },
      "Can Relocate to":{
        "p":0.1612903226,
        "r":0.3125,
        "f":0.2127659574
      },
      "Links":{
        "p":0.1904761905,
        "r":0.1538461538,
        "f":0.170212766
      },
      "Rewards and Achievements":{
        "p":0.2,
        "r":0.3333333333,
        "f":0.25
      },
      "College":{
        "p":0.6,
        "r":0.1333333333,
        "f":0.2181818182
      },
      "Address":{
        "p":0.0,
        "r":0.0,
        "f":0.0
      },
      "University":{
        "p":0.0,
        "r":0.0,
        "f":0.0
      },
      "projects":{
        "p":0.0,
        "r":0.0,
        "f":0.0
      },
      "UNKNOWN":{
        "p":0.0,
        "r":0.0,
        "f":0.0
      },
      "state":{
        "p":0.0,
        "r":0.0,
        "f":0.0
      },
      "Certifications":{
        "p":0.0,
        "r":0.0,
        "f":0.0
      }
    },
    "tok2vec_loss":3578.2269385749,
    "ner_loss":2898.0836077406
  }
}